species,growth_form,ln_area_cm2,mortality
Acropora cf digitifera,digitate,-2.591150869,0
Acropora cf digitifera,digitate,-2.859656685,0
Acropora cf digitifera,digitate,-2.747310672,0
Acropora cf digitifera,digitate,-6.001921595,1
Acropora cf digitifera,digitate,-2.883322293,0
Acropora cf digitifera,digitate,-2.544607212,0
Acropora cf digitifera,digitate,-3.530715068,0
Acropora cf digitifera,digitate,-3.363936872,0
Acropora cf digitifera,digitate,-2.698561895,0
Acropora cf digitifera,digitate,-4.717046252,0
Acropora cf digitifera,digitate,-5.237825303,1
Acropora cf digitifera,digitate,-3.144897889,0
Acropora cf digitifera,digitate,-2.049022667,0
Acropora cf digitifera,digitate,-3.516159881,0
Acropora cf digitifera,digitate,-3.247020932,0
Acropora cf digitifera,digitate,-3.170306585,0
Acropora cf digitifera,digitate,-4.604468784,0
Acropora cf digitifera,digitate,-3.857140042,0
Acropora cf digitifera,digitate,-3.445048485,0
Acropora cf digitifera,digitate,-4.543397849,0
Acropora cf digitifera,digitate,-2.957647213,0
Acropora cf digitifera,digitate,-3.114712934,0
Acropora cf digitifera,digitate,-2.669905122,0
Acropora cf digitifera,digitate,-2.084600062,0
Acropora cf digitifera,digitate,-3.11285603,0
Acropora cf digitifera,digitate,-2.972346295,0
Acropora cf digitifera,digitate,-3.468332587,0
Acropora cf digitifera,digitate,-1.779676759,0
Acropora cf digitifera,digitate,-3.168693768,0
Acropora cf digitifera,digitate,-2.982473295,0
Acropora cf digitifera,digitate,-2.920634617,0
Acropora cf digitifera,digitate,-3.050020013,0
Acropora cf digitifera,digitate,-2.454057958,0
Acropora cf digitifera,digitate,-3.760025153,1
Acropora cf digitifera,digitate,-3.323881433,0
Acropora cf digitifera,digitate,-2.988643486,0
Acropora cf digitifera,digitate,-4.432747988,0
Acropora cf digitifera,digitate,-4.691229623,1
Acropora cf digitifera,digitate,-1.931257927,0
Acropora cf digitifera,digitate,-3.762674284,0
Acropora cf digitifera,digitate,-3.128668512,0
Acropora cf digitifera,digitate,-3.076814178,0
Acropora cf digitifera,digitate,-4.242104211,0
Acropora cf digitifera,digitate,-3.174740184,0
Acropora cf digitifera,digitate,-2.978493186,0
Acropora cf digitifera,digitate,-4.417448905,0
Acropora cf digitifera,digitate,-3.091527178,0
Acropora cf digitifera,digitate,-2.897410724,0
Acropora cf digitifera,digitate,-2.532701465,0
Acropora cf digitifera,digitate,-2.00015865,0
Acropora cf digitifera,digitate,-3.211459162,0
Acropora cf digitifera,digitate,-3.792009898,0
Acropora cf digitifera,digitate,-3.369858683,0
Acropora cf digitifera,digitate,-1.809367957,0
Acropora cf digitifera,digitate,-6.248625463,0
Acropora cf digitifera,digitate,-3.040335595,0
Acropora cf digitifera,digitate,-3.10525319,0
Acropora cf digitifera,digitate,-3.231067347,0
Acropora cf digitifera,digitate,-2.822728339,0
Acropora cf digitifera,digitate,-2.729191113,0
Acropora cf digitifera,digitate,-3.204461747,1
Acropora cf digitifera,digitate,-2.414038311,0
Acropora cf digitifera,digitate,-3.282470647,0
Acropora cf digitifera,digitate,-3.146416721,0
Acropora cf digitifera,digitate,-4.240467686,0
Acropora cf digitifera,digitate,-2.023996989,0
Acropora cf digitifera,digitate,-4.267517932,0
Acropora cf digitifera,digitate,-3.005432362,0
Acropora cf digitifera,digitate,-2.991182543,0
Acropora cf digitifera,digitate,-3.965821914,0
Acropora cf digitifera,digitate,-3.07519192,0
Acropora cf digitifera,digitate,-2.704756455,0
Acropora cf digitifera,digitate,-4.155767627,0
Acropora cf digitifera,digitate,-2.926255652,0
Acropora cf digitifera,digitate,-3.735427675,1
Acropora cf digitifera,digitate,-2.581242452,0
Acropora cf digitifera,digitate,-2.210286492,0
Acropora cf digitifera,digitate,-3.316887617,0
Acropora cf digitifera,digitate,-3.654556147,1
Acropora cf digitifera,digitate,-3.405835734,0
Acropora cf digitifera,digitate,-1.762305388,1
Acropora cf digitifera,digitate,-6.339379448,0
Acropora cf digitifera,digitate,-3.110370264,0
Acropora cytherea,tabular,-2.478941155,0
Acropora cytherea,tabular,-2.215612335,0
Acropora cytherea,tabular,-3.104875615,1
Acropora cytherea,tabular,-1.166884967,0
Acropora cytherea,tabular,-1.448307015,1
Acropora cytherea,tabular,-2.504369132,0
Acropora cytherea,tabular,-3.858719734,0
Acropora cytherea,tabular,-1.694988442,0
Acropora cytherea,tabular,-0.391713533,0
Acropora cytherea,tabular,-1.432064624,0
Acropora cytherea,tabular,-2.654144806,0
Acropora cytherea,tabular,-2.142313812,0
Acropora cytherea,tabular,-1.183432939,1
Acropora cytherea,tabular,-3.332942709,1
Acropora cytherea,tabular,-2.103937465,0
Acropora cytherea,tabular,-1.019390685,0
Acropora cytherea,tabular,-1.892801012,0
Acropora cytherea,tabular,-4.567117897,0
Acropora cytherea,tabular,-4.049786311,0
Acropora cytherea,tabular,-1.661314207,0
Acropora cytherea,tabular,-2.787042024,0
Acropora cytherea,tabular,-1.429051778,0
Acropora cytherea,tabular,-3.774359899,0
Acropora cytherea,tabular,-0.719537803,0
Acropora cytherea,tabular,-0.95957923,0
Acropora cytherea,tabular,-1.572051104,0
Acropora cytherea,tabular,-1.78078175,1
Acropora cytherea,tabular,-1.01480276,1
Acropora cytherea,tabular,-2.67804652,0
Acropora cytherea,tabular,-2.70399929,0
Acropora cytherea,tabular,-1.234392145,0
Acropora cytherea,tabular,-0.130609911,0
Acropora cytherea,tabular,-1.25217175,0
Acropora cytherea,tabular,-2.708947662,0
Acropora cytherea,tabular,-1.821866332,0
Acropora cytherea,tabular,-1.669613492,0
Acropora cytherea,tabular,-1.180894835,0
Acropora cytherea,tabular,-1.457579331,0
Acropora cytherea,tabular,-4.225149518,0
Acropora cytherea,tabular,-3.314167756,1
Acropora cytherea,tabular,-1.263290507,0
Acropora cytherea,tabular,-2.150029338,0
Acropora cytherea,tabular,-1.496952434,0
Acropora cytherea,tabular,-0.372177156,0
Acropora cytherea,tabular,0.561278389,1
Acropora cytherea,tabular,-2.633709029,0
Acropora cytherea,tabular,-4.743474346,1
Acropora cytherea,tabular,-4.543929934,0
Acropora cytherea,tabular,-3.31733617,0
Acropora cytherea,tabular,-1.531670957,0
Acropora cytherea,tabular,-1.000050518,0
Acropora cytherea,tabular,-2.502461076,0
Acropora cytherea,tabular,-2.472291746,0
Acropora cytherea,tabular,-1.47406596,0
Acropora cytherea,tabular,0.101927321,0
Acropora cytherea,tabular,-1.074823235,0
Acropora cytherea,tabular,-2.166671033,0
Acropora cytherea,tabular,-1.760770239,0
Acropora cytherea,tabular,-1.341903732,0
Acropora cytherea,tabular,-1.117884651,1
Acropora cytherea,tabular,-1.070323834,1
Acropora cytherea,tabular,-3.832807448,1
Acropora cytherea,tabular,-0.849793282,0
Acropora cytherea,tabular,-1.857770812,0
Acropora cytherea,tabular,-1.643809634,0
Acropora cytherea,tabular,-0.377003034,1
Acropora cytherea,tabular,-2.492743451,0
Acropora cytherea,tabular,-4.249240607,1
Acropora cytherea,tabular,-2.915102325,0
Acropora cytherea,tabular,-1.344033622,0
Acropora humilis,digitate,-3.645767988,0
Acropora humilis,digitate,-4.937859835,0
Acropora humilis,digitate,-4.097828786,0
Acropora humilis,digitate,-3.646755857,1
Acropora humilis,digitate,-3.374413274,0
Acropora humilis,digitate,-5.973748903,0
Acropora humilis,digitate,-3.038392058,1
Acropora humilis,digitate,-3.250993116,0
Acropora humilis,digitate,-3.517645016,0
Acropora humilis,digitate,-6.070635411,1
Acropora humilis,digitate,-3.012151609,0
Acropora humilis,digitate,-2.856191641,0
Acropora humilis,digitate,-3.156513806,0
Acropora humilis,digitate,-3.956063805,0
Acropora humilis,digitate,-4.551829617,0
Acropora humilis,digitate,-5.446429427,0
Acropora humilis,digitate,-3.369084585,0
Acropora humilis,digitate,-4.432399742,0
Acropora humilis,digitate,-3.844936379,0
Acropora humilis,digitate,-6.045372943,0
Acropora humilis,digitate,-3.967796913,0
Acropora humilis,digitate,-4.462527907,0
Acropora humilis,digitate,-2.593816603,0
Acropora humilis,digitate,-3.053752984,0
Acropora humilis,digitate,-4.51006906,0
Acropora humilis,digitate,-3.594060862,0
Acropora humilis,digitate,-4.403735377,0
Acropora humilis,digitate,-3.072082471,0
Acropora humilis,digitate,-4.066173261,0
Acropora humilis,digitate,-4.666723016,0
Acropora humilis,digitate,-4.176645612,0
Acropora humilis,digitate,-3.632214545,0
Acropora humilis,digitate,-5.43021269,0
Acropora humilis,digitate,-3.87552726,0
Acropora humilis,digitate,-3.046077107,0
Acropora humilis,digitate,-3.076688264,0
Acropora humilis,digitate,-2.620466194,0
Acropora humilis,digitate,-3.331185502,0
Acropora humilis,digitate,-4.092544153,0
Acropora humilis,digitate,-4.421468388,0
Acropora humilis,digitate,-4.720891532,0
Acropora humilis,digitate,-3.360826924,0
Acropora humilis,digitate,-4.129662691,0
Acropora humilis,digitate,-3.481900692,0
Acropora humilis,digitate,-7.283169435,0
Acropora humilis,digitate,-4.037718183,0
Acropora humilis,digitate,-4.291130825,0
Acropora humilis,digitate,-2.658518265,0
Acropora humilis,digitate,-2.988380392,0
Acropora humilis,digitate,-4.164983876,0
Acropora humilis,digitate,-3.373758878,0
Acropora humilis,digitate,-3.888564864,0
Acropora humilis,digitate,-3.131641717,0
Acropora humilis,digitate,-5.178864581,1
Acropora humilis,digitate,-4.387572166,1
Acropora humilis,digitate,-4.124323205,0
Acropora humilis,digitate,-3.615396829,0
Acropora humilis,digitate,-5.817050012,1
Acropora humilis,digitate,-3.972578294,1
Acropora humilis,digitate,-2.96963484,1
Acropora humilis,digitate,-2.931947513,0
Acropora humilis,digitate,-2.62076041,0
Acropora humilis,digitate,-3.488521836,0
Acropora humilis,digitate,-3.897080699,0
Acropora humilis,digitate,-4.43519432,0
Acropora humilis,digitate,-4.122613918,0
Acropora humilis,digitate,-3.482386036,1
Acropora humilis,digitate,-4.087965822,0
Acropora humilis,digitate,-3.296955418,0
Acropora humilis,digitate,-4.511497408,0
Acropora humilis,digitate,-4.661843498,0
Acropora humilis,digitate,-2.530928711,0
Acropora humilis,digitate,-3.872669892,0
Acropora humilis,digitate,-4.318687791,1
Acropora humilis,digitate,-3.153836831,0
Acropora humilis,digitate,-3.96476409,0
Acropora humilis,digitate,-3.380045158,0
Acropora hyacinthus,tabular,-2.158576038,0
Acropora hyacinthus,tabular,-1.118379855,0
Acropora hyacinthus,tabular,-1.462302933,0
Acropora hyacinthus,tabular,-2.301842525,0
Acropora hyacinthus,tabular,-1.089557414,0
Acropora hyacinthus,tabular,-1.654945267,0
Acropora hyacinthus,tabular,-2.942111718,0
Acropora hyacinthus,tabular,-1.46146776,0
Acropora hyacinthus,tabular,-3.440429403,0
Acropora hyacinthus,tabular,-2.090145462,0
Acropora hyacinthus,tabular,-3.972939525,0
Acropora hyacinthus,tabular,-0.470719577,0
Acropora hyacinthus,tabular,0.013033747,0
Acropora hyacinthus,tabular,-3.081737332,0
Acropora hyacinthus,tabular,-1.689982834,0
Acropora hyacinthus,tabular,-2.369638001,0
Acropora hyacinthus,tabular,-1.682851002,1
Acropora hyacinthus,tabular,-1.273350115,0
Acropora hyacinthus,tabular,-3.129170917,0
Acropora hyacinthus,tabular,-2.017931498,0
Acropora hyacinthus,tabular,-3.339719556,1
Acropora hyacinthus,tabular,-1.335235446,0
Acropora hyacinthus,tabular,-2.43952738,0
Acropora hyacinthus,tabular,-1.153529214,0
Acropora hyacinthus,tabular,-2.307114139,0
Acropora hyacinthus,tabular,-1.593194712,0
Acropora hyacinthus,tabular,-1.670191703,0
Acropora hyacinthus,tabular,-1.447422841,0
Acropora hyacinthus,tabular,-1.294528857,0
Acropora hyacinthus,tabular,-2.626756027,0
Acropora hyacinthus,tabular,-0.956463124,1
Acropora hyacinthus,tabular,-1.822824784,0
Acropora hyacinthus,tabular,-1.835847351,0
Acropora hyacinthus,tabular,-0.800549994,0
Acropora hyacinthus,tabular,-1.831137795,0
Acropora hyacinthus,tabular,-3.571001802,0
Acropora hyacinthus,tabular,-2.785407229,0
Acropora hyacinthus,tabular,-1.173687125,0
Acropora hyacinthus,tabular,-2.854275975,0
Acropora hyacinthus,tabular,-1.589247563,0
Acropora hyacinthus,tabular,-5.037997021,0
Acropora hyacinthus,tabular,-0.141763872,0
Acropora hyacinthus,tabular,-0.10094397,1
Acropora hyacinthus,tabular,-1.465743817,0
Acropora hyacinthus,tabular,-3.164505173,0
Acropora hyacinthus,tabular,-1.129750822,0
Acropora hyacinthus,tabular,-2.014678452,1
Acropora hyacinthus,tabular,-1.112014584,0
Acropora hyacinthus,tabular,-1.792329115,0
Acropora hyacinthus,tabular,-0.972174241,0
Acropora hyacinthus,tabular,-1.602310095,0
Acropora hyacinthus,tabular,-1.24079155,0
Acropora hyacinthus,tabular,-1.138002717,0
Acropora hyacinthus,tabular,-0.941526076,0
Acropora hyacinthus,tabular,-1.340915523,0
Acropora hyacinthus,tabular,-5.144804553,0
Acropora hyacinthus,tabular,-3.502962216,0
Acropora hyacinthus,tabular,-1.313135058,0
Acropora hyacinthus,tabular,-1.999512104,1
Acropora hyacinthus,tabular,-0.738549119,0
Acropora hyacinthus,tabular,-1.367845736,0
Acropora hyacinthus,tabular,-3.475328445,1
Acropora hyacinthus,tabular,-2.541937481,0
Acropora hyacinthus,tabular,-2.709971826,0
Acropora hyacinthus,tabular,-2.32459359,0
Acropora hyacinthus,tabular,-1.143697015,0
Acropora hyacinthus,tabular,-4.15314617,0
Acropora hyacinthus,tabular,0.00538869,1
Acropora hyacinthus,tabular,-1.395056491,1
Acropora hyacinthus,tabular,-3.031576716,0
Acropora hyacinthus,tabular,-1.085359031,0
Acropora hyacinthus,tabular,-0.904546184,0
Acropora hyacinthus,tabular,-1.548914961,0
Acropora hyacinthus,tabular,-0.973672189,1
Acropora hyacinthus,tabular,-1.157151749,0
Acropora hyacinthus,tabular,-1.057338215,0
Acropora hyacinthus,tabular,-1.707004688,0
Acropora hyacinthus,tabular,-5.26138754,1
Acropora hyacinthus,tabular,-1.376187347,1
Acropora hyacinthus,tabular,-1.41368211,0
Acropora hyacinthus,tabular,-1.844104267,1
Acropora intermedia,arborescent,-0.654670333,0
Acropora intermedia,arborescent,-3.691996452,1
Acropora intermedia,arborescent,-3.901979857,1
Acropora intermedia,arborescent,-5.34465558,0
Acropora intermedia,arborescent,-3.303056778,1
Acropora intermedia,arborescent,-1.800679144,0
Acropora intermedia,arborescent,-5.269491648,1
Acropora intermedia,arborescent,-2.839119264,0
Acropora intermedia,arborescent,-2.080932996,0
Acropora intermedia,arborescent,-1.120503515,0
Acropora intermedia,arborescent,-2.176755902,0
Acropora intermedia,arborescent,-2.635489106,0
Acropora intermedia,arborescent,-3.296832924,0
Acropora intermedia,arborescent,-2.9959638,0
Acropora intermedia,arborescent,-2.704590848,0
Acropora intermedia,arborescent,-2.08063467,0
Acropora intermedia,arborescent,-3.090369489,0
Acropora intermedia,arborescent,-4.389828201,1
Acropora intermedia,arborescent,-4.963073263,0
Acropora intermedia,arborescent,-3.421199378,0
Acropora intermedia,arborescent,-0.433893981,0
Acropora intermedia,arborescent,-5.159752862,0
Acropora intermedia,arborescent,-2.082632062,0
Acropora intermedia,arborescent,-2.620108483,0
Acropora intermedia,arborescent,-1.619086579,0
Acropora intermedia,arborescent,-1.430416775,0
Acropora intermedia,arborescent,-0.87486063,0
Acropora intermedia,arborescent,-2.321058124,0
Acropora intermedia,arborescent,-2.19401383,0
Acropora intermedia,arborescent,-4.038039004,0
Acropora intermedia,arborescent,-2.831538005,0
Acropora intermedia,arborescent,-2.663351815,0
Acropora intermedia,arborescent,-5.377579464,0
Acropora intermedia,arborescent,-5.34349536,1
Acropora intermedia,arborescent,-3.891117247,0
Acropora intermedia,arborescent,-4.482477129,0
Acropora intermedia,arborescent,-5.881807651,0
Acropora intermedia,arborescent,-4.44118988,1
Acropora intermedia,arborescent,-0.985756096,0
Acropora intermedia,arborescent,-4.690735019,1
Acropora intermedia,arborescent,-2.450947879,0
Acropora intermedia,arborescent,-2.626149571,0
Acropora intermedia,arborescent,-2.981198874,0
Acropora intermedia,arborescent,-0.740004856,0
Acropora intermedia,arborescent,-2.140255904,0
Acropora intermedia,arborescent,-2.007172369,0
Acropora intermedia,arborescent,-6.250424781,0
Acropora intermedia,arborescent,-3.508296719,0
Acropora intermedia,arborescent,-2.248592907,0
Acropora intermedia,arborescent,-4.974240412,0
Acropora intermedia,arborescent,-5.751909285,1
Acropora intermedia,arborescent,-4.059276141,0
Acropora millepora,corymbose,-3.427419129,0
Acropora millepora,corymbose,-3.964137648,0
Acropora millepora,corymbose,-3.682131074,0
Acropora millepora,corymbose,-5.144649963,0
Acropora millepora,corymbose,-3.814404505,0
Acropora millepora,corymbose,-3.661056905,0
Acropora millepora,corymbose,-2.951347,0
Acropora millepora,corymbose,-3.647658638,0
Acropora millepora,corymbose,-3.017333501,0
Acropora millepora,corymbose,-2.829686781,0
Acropora millepora,corymbose,-2.086392949,1
Acropora millepora,corymbose,-3.605482378,0
Acropora millepora,corymbose,-2.885470027,0
Acropora millepora,corymbose,-2.06464919,0
Acropora millepora,corymbose,-4.28687693,0
Acropora millepora,corymbose,-6.295200067,1
Acropora millepora,corymbose,-3.244052813,0
Acropora millepora,corymbose,-3.518491098,0
Acropora millepora,corymbose,-3.50671957,0
Acropora millepora,corymbose,-3.702158179,1
Acropora millepora,corymbose,-2.980288301,1
Acropora millepora,corymbose,-4.643452133,0
Acropora millepora,corymbose,-4.327433095,0
Acropora millepora,corymbose,-4.423062654,0
Acropora millepora,corymbose,-3.957734903,0
Acropora millepora,corymbose,-3.983542407,0
Acropora millepora,corymbose,-3.712944069,0
Acropora millepora,corymbose,-3.340830622,0
Acropora millepora,corymbose,-4.753242852,0
Acropora millepora,corymbose,-4.246784207,0
Acropora millepora,corymbose,-3.768604053,0
Acropora millepora,corymbose,-5.259911235,0
Acropora millepora,corymbose,-5.382663447,0
Acropora millepora,corymbose,-3.714871764,0
Acropora millepora,corymbose,-2.773525562,0
Acropora millepora,corymbose,-4.052322324,0
Acropora millepora,corymbose,-2.964349583,0
Acropora millepora,corymbose,-2.902105369,0
Acropora millepora,corymbose,-3.513456266,1
Acropora millepora,corymbose,-3.542829146,0
Acropora millepora,corymbose,-1.975180135,0
Acropora millepora,corymbose,-3.514808001,0
Acropora millepora,corymbose,-3.570541164,1
Acropora millepora,corymbose,-3.503252957,0
Acropora millepora,corymbose,-3.44116923,0
Acropora millepora,corymbose,-4.058870638,0
Acropora millepora,corymbose,-3.785791191,0
Acropora millepora,corymbose,-3.914965916,0
Acropora millepora,corymbose,-4.76643024,1
Acropora millepora,corymbose,-3.851813885,0
Acropora millepora,corymbose,-3.259349199,0
Acropora millepora,corymbose,-3.576008907,0
Acropora millepora,corymbose,-4.821205608,0
Acropora millepora,corymbose,-3.702094383,0
Acropora millepora,corymbose,-3.805141052,1
Acropora millepora,corymbose,-6.001294208,0
Acropora millepora,corymbose,-5.491031134,0
Acropora millepora,corymbose,-3.501105497,0
Acropora millepora,corymbose,-2.569615305,1
Acropora millepora,corymbose,-4.327402904,1
Acropora millepora,corymbose,-2.556256994,0
Acropora millepora,corymbose,-3.602906594,0
Acropora millepora,corymbose,-3.358720842,0
Acropora millepora,corymbose,-1.944508773,0
Acropora millepora,corymbose,-3.167749979,0
Acropora millepora,corymbose,-3.282715893,1
Acropora millepora,corymbose,-3.489965529,0
Acropora millepora,corymbose,-3.482717166,0
Acropora millepora,corymbose,-3.48167316,0
Acropora millepora,corymbose,-4.100524896,1
Acropora millepora,corymbose,-3.640911244,0
Acropora millepora,corymbose,-3.79359864,1
Acropora millepora,corymbose,-3.916477689,0
Acropora nasuta,corymbose,-3.526468751,1
Acropora nasuta,corymbose,-2.963906069,0
Acropora nasuta,corymbose,-2.455071282,0
Acropora nasuta,corymbose,-2.73577495,0
Acropora nasuta,corymbose,-3.832952984,0
Acropora nasuta,corymbose,-3.384743021,0
Acropora nasuta,corymbose,-3.434745332,0
Acropora nasuta,corymbose,-3.5000387,0
Acropora nasuta,corymbose,-2.751975379,0
Acropora nasuta,corymbose,-3.763357291,0
Acropora nasuta,corymbose,-2.763221805,1
Acropora nasuta,corymbose,-2.790852791,0
Acropora nasuta,corymbose,-3.033085097,1
Acropora nasuta,corymbose,-4.209394341,0
Acropora nasuta,corymbose,-2.229745498,0
Acropora nasuta,corymbose,-3.464435326,0
Acropora nasuta,corymbose,-3.953214108,1
Acropora nasuta,corymbose,-3.759355309,0
Acropora nasuta,corymbose,-4.041892777,0
Acropora nasuta,corymbose,-2.520047633,0
Acropora nasuta,corymbose,-4.490970647,1
Acropora nasuta,corymbose,-3.891991014,0
Acropora nasuta,corymbose,-2.667142435,1
Acropora nasuta,corymbose,-4.204534716,0
Acropora nasuta,corymbose,-2.701571501,0
Acropora nasuta,corymbose,-4.698594382,1
Acropora nasuta,corymbose,-3.773956685,0
Acropora nasuta,corymbose,-2.929980472,0
Acropora nasuta,corymbose,-2.782488442,0
Acropora nasuta,corymbose,-3.535239171,0
Acropora nasuta,corymbose,-3.440240367,0
Acropora nasuta,corymbose,-2.769706747,0
Acropora nasuta,corymbose,-3.127044891,0
Acropora nasuta,corymbose,-3.802579638,0
Acropora nasuta,corymbose,-2.614454517,0
Acropora nasuta,corymbose,-2.958977062,0
Acropora nasuta,corymbose,-2.821380397,0
Acropora nasuta,corymbose,-2.92716352,0
Acropora nasuta,corymbose,-2.531793918,0
Acropora nasuta,corymbose,-2.239429456,0
Acropora nasuta,corymbose,-3.284797837,0
Acropora nasuta,corymbose,-2.196438641,0
Acropora nasuta,corymbose,-2.659725175,0
Acropora nasuta,corymbose,-3.659810693,0
Acropora nasuta,corymbose,-3.47372232,0
Acropora nasuta,corymbose,-3.0111859,0
Acropora nasuta,corymbose,-3.19578586,0
Acropora nasuta,corymbose,-2.953960223,0
Acropora nasuta,corymbose,-4.698462137,0
Acropora nasuta,corymbose,-2.855830525,0
Acropora nasuta,corymbose,-4.040794703,0
Acropora nasuta,corymbose,-2.253438005,0
Acropora nasuta,corymbose,-3.516471963,1
Acropora nasuta,corymbose,-4.201327757,1
Acropora nasuta,corymbose,-3.8148756,0
Acropora nasuta,corymbose,-2.885657115,1
Acropora nasuta,corymbose,-4.679433206,1
Acropora nasuta,corymbose,-3.755976529,0
Acropora nasuta,corymbose,-2.319509736,0
Acropora nasuta,corymbose,-3.780405462,0
Acropora nasuta,corymbose,-3.260651996,0
Acropora nasuta,corymbose,-2.91434555,0
Acropora nasuta,corymbose,-4.038002592,0
Acropora nasuta,corymbose,-3.083143293,0
Acropora nasuta,corymbose,-2.855613147,0
Acropora nasuta,corymbose,-2.966050392,0
Acropora nasuta,corymbose,-3.291530911,0
Acropora nasuta,corymbose,-2.602457295,0
Acropora nasuta,corymbose,-3.073510305,0
Acropora nasuta,corymbose,-2.781799524,0
Acropora nasuta,corymbose,-2.981547955,0
Acropora nasuta,corymbose,-2.585414435,0
Acropora nasuta,corymbose,-2.180765717,0
Acropora nasuta,corymbose,-2.556679335,0
Acropora nasuta,corymbose,-4.501440285,0
Acropora nasuta,corymbose,-3.024902345,0
Acropora nasuta,corymbose,-4.532529852,0
Acropora nasuta,corymbose,-3.517801957,0
Acropora nasuta,corymbose,-2.061319941,1
Acropora nasuta,corymbose,-2.601196575,0
Acropora nasuta,corymbose,-3.923812425,0
Acropora nasuta,corymbose,-4.301634822,1
Acropora nasuta,corymbose,-3.120304149,0
Acropora nasuta,corymbose,-2.983297648,0
Acropora nasuta,corymbose,-3.447007861,0
Acropora nasuta,corymbose,-3.833687387,0
Acropora nasuta,corymbose,-3.655382643,0
Acropora nasuta,corymbose,-4.027836649,0
Acropora nasuta,corymbose,-2.069798442,1
Acropora nasuta,corymbose,-2.856802835,1
Acropora nasuta,corymbose,-6.6676952,1
Acropora nasuta,corymbose,-2.190194127,0
Acropora nasuta,corymbose,-4.831586307,0
Acropora nasuta,corymbose,-3.249172795,0
Acropora nasuta,corymbose,-2.808181841,0
Acropora nasuta,corymbose,-3.763618571,0
Acropora nasuta,corymbose,-2.859422678,0
Acropora nasuta,corymbose,-2.758698808,1
Acropora nasuta,corymbose,-3.072589532,1
Acropora nasuta,corymbose,-3.144939682,0
Acropora nasuta,corymbose,-2.546579252,0
Acropora nasuta,corymbose,-3.7081907,1
Acropora nasuta,corymbose,-3.14478843,0
Acropora nasuta,corymbose,-2.924441927,1
Acropora nasuta,corymbose,-2.26155906,0
Acropora nasuta,corymbose,-2.424202078,0
Acropora nasuta,corymbose,-4.074841738,0
Acropora nasuta,corymbose,-5.858595628,1
Acropora nasuta,corymbose,-4.099384832,0
Acropora nasuta,corymbose,-5.646559653,1
Acropora robusta,arborescent,-2.578384039,0
Acropora robusta,arborescent,-3.184411373,0
Acropora robusta,arborescent,-2.886762284,0
Acropora robusta,arborescent,-3.354426968,0
Acropora robusta,arborescent,-4.776616289,1
Acropora robusta,arborescent,-2.935794257,0
Acropora robusta,arborescent,-3.968382264,0
Acropora robusta,arborescent,-2.249874606,0
Acropora robusta,arborescent,-1.114511975,0
Acropora robusta,arborescent,-4.219854183,0
Acropora robusta,arborescent,-1.541823479,0
Acropora robusta,arborescent,-2.651257309,0
Acropora robusta,arborescent,-1.642827159,0
Acropora robusta,arborescent,-2.934065372,0
Acropora robusta,arborescent,-0.285416176,0
Acropora robusta,arborescent,-3.74582314,0
Acropora robusta,arborescent,-1.229144466,0
Acropora robusta,arborescent,-3.315318863,0
Acropora robusta,arborescent,-2.559696579,0
Acropora robusta,arborescent,-3.241285836,0
Acropora robusta,arborescent,-2.092542139,0
Acropora robusta,arborescent,-2.433065661,0
Acropora robusta,arborescent,-2.836734264,0
Acropora robusta,arborescent,-2.490492716,0
Acropora robusta,arborescent,-3.450556756,0
Acropora robusta,arborescent,-2.619302667,0
Acropora robusta,arborescent,-3.272075249,0
Acropora robusta,arborescent,-4.210488302,0
Acropora robusta,arborescent,-2.349614055,0
Acropora robusta,arborescent,-2.900302812,0
Acropora robusta,arborescent,-2.913212178,0
Acropora robusta,arborescent,-3.116663794,0
Acropora robusta,arborescent,-2.84287543,0
Acropora robusta,arborescent,-4.178393183,0
Acropora robusta,arborescent,-2.501123952,0
Acropora robusta,arborescent,-1.318904786,0
Acropora robusta,arborescent,-3.592369649,0
Acropora robusta,arborescent,-2.269429798,0
Acropora robusta,arborescent,-1.300473909,0
Acropora robusta,arborescent,-2.068699441,0
Acropora robusta,arborescent,-2.022789265,0
Acropora robusta,arborescent,0.022001664,0
Acropora robusta,arborescent,-3.007344523,0
Acropora robusta,arborescent,-1.197852197,0
Acropora robusta,arborescent,-3.122075328,0
Acropora robusta,arborescent,-2.010468278,0
Acropora robusta,arborescent,-2.984288292,0
Acropora robusta,arborescent,-2.235745572,0
Acropora robusta,arborescent,-2.707125811,0
Acropora robusta,arborescent,-0.129156605,0
Acropora robusta,arborescent,-2.53785761,0
Acropora robusta,arborescent,-2.813857335,0
Acropora robusta,arborescent,-2.641710253,0
Acropora robusta,arborescent,-3.716783964,0
Acropora robusta,arborescent,-3.372184791,0
Acropora robusta,arborescent,-0.848755748,0
Acropora robusta,arborescent,-2.719636632,0
Acropora robusta,arborescent,-2.444769854,0
Acropora robusta,arborescent,-2.589094477,0
Acropora robusta,arborescent,-2.588099102,0
Acropora robusta,arborescent,-2.651264951,0
Acropora robusta,arborescent,-2.296051223,1
Acropora robusta,arborescent,-1.114838365,0
Acropora robusta,arborescent,-4.032921216,1
Acropora robusta,arborescent,-2.112891344,0
Acropora robusta,arborescent,-1.231533942,0
Acropora robusta,arborescent,-1.868292972,0
Acropora robusta,arborescent,-1.939164159,0
Acropora robusta,arborescent,-5.179800124,1
Acropora robusta,arborescent,-0.168330809,1
Acropora robusta,arborescent,-2.786055971,0
Acropora robusta,arborescent,-1.24860935,0
Acropora robusta,arborescent,-3.084705888,1
Acropora robusta,arborescent,-1.874221014,0
Acropora robusta,arborescent,-3.980658302,0
Acropora robusta,arborescent,-2.233130947,0
Acropora robusta,arborescent,-2.741755672,0
Acropora robusta,arborescent,-0.208694255,0
Acropora robusta,arborescent,-2.589916197,0
Acropora robusta,arborescent,-3.303763673,0
Acropora robusta,arborescent,-3.226171413,1
Acropora robusta,arborescent,-3.927053321,0
Acropora robusta,arborescent,-3.08107146,1
Acropora robusta,arborescent,-0.916514257,0
Acropora spathulata,corymbose,-3.569858846,0
Acropora spathulata,corymbose,-1.939871607,0
Acropora spathulata,corymbose,-3.987748435,0
Acropora spathulata,corymbose,-3.271945354,0
Acropora spathulata,corymbose,-2.644704881,1
Acropora spathulata,corymbose,-5.433411238,0
Acropora spathulata,corymbose,-3.132439573,0
Acropora spathulata,corymbose,-3.770809321,0
Acropora spathulata,corymbose,-3.325042027,0
Acropora spathulata,corymbose,-2.934849107,0
Acropora spathulata,corymbose,-3.310750615,0
Acropora spathulata,corymbose,-4.310798847,0
Acropora spathulata,corymbose,-3.271870229,0
Acropora spathulata,corymbose,-2.312597305,0
Acropora spathulata,corymbose,-3.756124169,0
Acropora spathulata,corymbose,-3.332045561,0
Acropora spathulata,corymbose,-4.356642959,0
Acropora spathulata,corymbose,-3.258998453,0
Acropora spathulata,corymbose,-3.490860238,0
Acropora spathulata,corymbose,-3.791453703,0
Acropora spathulata,corymbose,-3.368347402,0
Acropora spathulata,corymbose,-3.605927143,0
Acropora spathulata,corymbose,-3.678869366,1
Acropora spathulata,corymbose,-3.183856568,0
Acropora spathulata,corymbose,-3.210778771,0
Acropora spathulata,corymbose,-3.342870995,1
Acropora spathulata,corymbose,-3.468086213,0
Acropora spathulata,corymbose,-3.447439315,0
Acropora spathulata,corymbose,-4.238348686,0
Acropora spathulata,corymbose,-1.962764121,0
Acropora spathulata,corymbose,-2.129509929,0
Acropora spathulata,corymbose,-3.466392152,0
Acropora spathulata,corymbose,-1.922194547,0
Acropora spathulata,corymbose,-3.755547355,0
Acropora spathulata,corymbose,-2.951346073,0
Acropora spathulata,corymbose,-5.190927214,0
Acropora spathulata,corymbose,-3.005386477,0
Acropora spathulata,corymbose,-3.430073603,0
Acropora spathulata,corymbose,-3.04309273,0
Acropora spathulata,corymbose,-2.830376174,0
Acropora spathulata,corymbose,-3.513377699,0
Acropora spathulata,corymbose,-5.356204515,0
Acropora spathulata,corymbose,-2.871869236,0
Acropora spathulata,corymbose,-2.386809014,0
Acropora spathulata,corymbose,-3.534909662,0
Acropora spathulata,corymbose,-3.47458254,0
Acropora spathulata,corymbose,-4.015780852,1
Acropora spathulata,corymbose,-3.42263145,1
Acropora spathulata,corymbose,-3.448830903,0
Acropora spathulata,corymbose,-3.18859339,0
Acropora spathulata,corymbose,-3.415994383,0
Acropora spathulata,corymbose,-3.41304729,0
Acropora spathulata,corymbose,-3.138051112,0
Acropora spathulata,corymbose,-2.909897547,0
Acropora spathulata,corymbose,-2.896295038,0
Acropora spathulata,corymbose,-3.483278406,0
Acropora spathulata,corymbose,-3.636531103,0
Acropora spathulata,corymbose,-1.679331875,0
Acropora spathulata,corymbose,-3.809711246,0
Acropora spathulata,corymbose,-3.431025843,1
Acropora spathulata,corymbose,-2.699806214,1
Acropora spathulata,corymbose,-3.78815173,1
Acropora spathulata,corymbose,-2.813568715,0
Acropora spathulata,corymbose,-5.423444795,1
Acropora spathulata,corymbose,-3.307904647,0
Acropora spathulata,corymbose,-3.36153399,0
Acropora spathulata,corymbose,-2.597682553,0
Acropora spathulata,corymbose,-2.344545885,0
Acropora spathulata,corymbose,-3.460057378,1
Acropora spathulata,corymbose,-6.863477636,1
Acropora spathulata,corymbose,-2.515339271,0
Acropora spathulata,corymbose,-2.441522695,0
Acropora spathulata,corymbose,-3.473729716,0
Acropora spathulata,corymbose,-3.184011055,0
Acropora spathulata,corymbose,-3.33640897,0
Acropora spathulata,corymbose,-2.849679276,0
Acropora spathulata,corymbose,-3.385836889,0
Acropora spathulata,corymbose,-3.323344307,0
Acropora spathulata,corymbose,-3.218097647,0
Acropora spathulata,corymbose,-2.5644713,0
Acropora spathulata,corymbose,-2.350300164,0
Acropora spathulata,corymbose,-3.312064788,0
Acropora spathulata,corymbose,-3.278185653,0
Acropora spathulata,corymbose,-1.444779203,0
Acropora spathulata,corymbose,-3.577783465,0
Acropora spathulata,corymbose,-2.814364174,0
Acropora spathulata,corymbose,-2.116300937,1
Goniastrea pectinata,massive,-4.239591616,0
Goniastrea pectinata,massive,-4.711388383,0
Goniastrea pectinata,massive,-5.986264314,0
Goniastrea pectinata,massive,-4.870430244,0
Goniastrea pectinata,massive,-5.163476769,0
Goniastrea pectinata,massive,-6.157316312,1
Goniastrea pectinata,massive,-4.853504484,0
Goniastrea pectinata,massive,-5.257534507,0
Goniastrea pectinata,massive,-4.079824753,0
Goniastrea pectinata,massive,-5.236218546,0
Goniastrea pectinata,massive,-6.42010326,0
Goniastrea pectinata,massive,-4.840781584,0
Goniastrea pectinata,massive,-4.953514808,0
Goniastrea pectinata,massive,-4.973560508,0
Goniastrea pectinata,massive,-5.005830757,0
Goniastrea pectinata,massive,-3.67407145,0
Goniastrea pectinata,massive,-4.630745113,0
Goniastrea pectinata,massive,-4.927342032,0
Goniastrea pectinata,massive,-4.416099119,0
Goniastrea pectinata,massive,-5.197357288,0
Goniastrea pectinata,massive,-5.076338035,0
Goniastrea pectinata,massive,-5.377543867,0
Goniastrea pectinata,massive,-3.569311201,0
Goniastrea pectinata,massive,-4.31849168,0
Goniastrea pectinata,massive,-5.948439588,0
Goniastrea pectinata,massive,-4.293095943,0
Goniastrea pectinata,massive,-4.843070123,0
Goniastrea pectinata,massive,-5.676836919,0
Goniastrea pectinata,massive,-4.452328482,0
Goniastrea pectinata,massive,-5.181251174,0
Goniastrea pectinata,massive,-5.053768722,0
Goniastrea pectinata,massive,-5.027063013,0
Goniastrea pectinata,massive,-3.996348836,0
Goniastrea pectinata,massive,-5.112591203,0
Goniastrea pectinata,massive,-5.451518267,0
Goniastrea pectinata,massive,-4.547475162,0
Goniastrea pectinata,massive,-4.574113643,0
Goniastrea pectinata,massive,-5.033222323,0
Goniastrea pectinata,massive,-4.873405034,0
Goniastrea pectinata,massive,-3.851430025,0
Goniastrea pectinata,massive,-4.51932975,0
Goniastrea pectinata,massive,-4.575726851,0
Goniastrea pectinata,massive,-4.168495011,0
Goniastrea pectinata,massive,-5.163329801,0
Goniastrea pectinata,massive,-5.086740458,0
Goniastrea pectinata,massive,-5.443294001,0
Goniastrea pectinata,massive,-3.729664112,0
Goniastrea pectinata,massive,-3.999130931,0
Goniastrea pectinata,massive,-5.945362515,0
Goniastrea pectinata,massive,-5.082893134,0
Goniastrea pectinata,massive,-4.817082497,0
Goniastrea pectinata,massive,-6.456811915,0
Goniastrea pectinata,massive,-4.953113894,0
Goniastrea pectinata,massive,-4.897648095,0
Goniastrea pectinata,massive,-4.751195681,0
Goniastrea pectinata,massive,-4.270945626,0
Goniastrea pectinata,massive,-4.785098408,0
Goniastrea pectinata,massive,-4.106889879,0
Goniastrea pectinata,massive,-5.162450271,0
Goniastrea pectinata,massive,-5.993534044,0
Goniastrea pectinata,massive,-5.021017081,0
Goniastrea pectinata,massive,-5.072785894,0
Goniastrea pectinata,massive,-4.839424886,0
Goniastrea pectinata,massive,-3.832235182,0
Goniastrea pectinata,massive,-4.592063527,0
Goniastrea pectinata,massive,-4.608603777,1
Goniastrea pectinata,massive,-4.29662668,0
Goniastrea pectinata,massive,-5.314924971,0
Goniastrea pectinata,massive,-5.289800104,0
Goniastrea pectinata,massive,-6.664152824,1
Goniastrea pectinata,massive,-3.813250123,0
Goniastrea pectinata,massive,-4.271302329,0
Goniastrea pectinata,massive,-5.639911742,1
Goniastrea retiformis,massive,-5.61734336,0
Goniastrea retiformis,massive,-3.204405685,0
Goniastrea retiformis,massive,-5.596184393,0
Goniastrea retiformis,massive,-5.43318635,1
Goniastrea retiformis,massive,-2.979460805,0
Goniastrea retiformis,massive,-3.852371808,0
Goniastrea retiformis,massive,-3.62025223,0
Goniastrea retiformis,massive,-3.972333989,0
Goniastrea retiformis,massive,-3.972053819,0
Goniastrea retiformis,massive,-4.048417571,0
Goniastrea retiformis,massive,-3.079496389,0
Goniastrea retiformis,massive,-4.036901885,0
Goniastrea retiformis,massive,-4.002468257,0
Goniastrea retiformis,massive,-3.880780142,0
Goniastrea retiformis,massive,-3.946633421,0
Goniastrea retiformis,massive,-3.820763926,0
Goniastrea retiformis,massive,-3.796025598,0
Goniastrea retiformis,massive,-4.948842404,0
Goniastrea retiformis,massive,-2.625039313,0
Goniastrea retiformis,massive,-6.262721043,0
Goniastrea retiformis,massive,-3.729239495,0
Goniastrea retiformis,massive,-4.482298266,0
Goniastrea retiformis,massive,-4.667370125,0
Goniastrea retiformis,massive,-3.086422082,0
Goniastrea retiformis,massive,-4.769147418,0
Goniastrea retiformis,massive,-4.682598214,0
Goniastrea retiformis,massive,-2.419099236,0
Goniastrea retiformis,massive,-3.900945919,0
Goniastrea retiformis,massive,-3.717830307,0
Goniastrea retiformis,massive,-5.617496688,0
Goniastrea retiformis,massive,-3.109993923,0
Goniastrea retiformis,massive,-5.390258428,0
Goniastrea retiformis,massive,-2.733067101,0
Goniastrea retiformis,massive,-3.687417096,0
Goniastrea retiformis,massive,-3.552552578,0
Goniastrea retiformis,massive,-3.783227541,0
Goniastrea retiformis,massive,-4.618845231,0
Goniastrea retiformis,massive,-4.333505355,0
Goniastrea retiformis,massive,-3.394247056,0
Goniastrea retiformis,massive,-4.09512007,0
Goniastrea retiformis,massive,-3.915125066,0
Goniastrea retiformis,massive,-4.044727158,0
Goniastrea retiformis,massive,-4.066697603,0
Goniastrea retiformis,massive,-3.970585413,0
Goniastrea retiformis,massive,-3.922551541,0
Goniastrea retiformis,massive,-4.818211621,0
Goniastrea retiformis,massive,-3.641925786,0
Goniastrea retiformis,massive,-6.249720903,0
Goniastrea retiformis,massive,-3.662811046,0
Goniastrea retiformis,massive,-4.815293922,0
Goniastrea retiformis,massive,-4.184013264,0
Goniastrea retiformis,massive,-2.981920518,0
Goniastrea retiformis,massive,-4.886248925,0
Goniastrea retiformis,massive,-4.594214047,0
Goniastrea retiformis,massive,-2.246171739,0
Goniastrea retiformis,massive,-3.832509475,0
Goniastrea retiformis,massive,-4.141664108,0
Goniastrea retiformis,massive,-5.332596946,0
Goniastrea retiformis,massive,-3.115221981,0
Goniastrea retiformis,massive,-5.308524469,0
Goniastrea retiformis,massive,-3.277907006,0
Goniastrea retiformis,massive,-3.994661465,0
Goniastrea retiformis,massive,-3.652998815,0
Goniastrea retiformis,massive,-5.017889413,0
Goniastrea retiformis,massive,-3.998334429,0
Goniastrea retiformis,massive,-3.108180393,0
Goniastrea retiformis,massive,-4.002061663,0
Goniastrea retiformis,massive,-4.049166643,0
Goniastrea retiformis,massive,-4.153385617,0
Goniastrea retiformis,massive,-3.71127517,0
Goniastrea retiformis,massive,-4.139770004,0
Goniastrea retiformis,massive,-4.214354553,0
Goniastrea retiformis,massive,-4.855534241,0
Goniastrea retiformis,massive,-5.710627361,1
Goniastrea retiformis,massive,-3.700836712,0
Goniastrea retiformis,massive,-7.264765199,1
Goniastrea retiformis,massive,-4.635294945,1
Goniastrea retiformis,massive,-4.065630923,0
Goniastrea retiformis,massive,-2.990455759,0
Goniastrea retiformis,massive,-5.909467856,0
Goniastrea retiformis,massive,-2.14228468,0
Goniastrea retiformis,massive,-3.920693818,0
Goniastrea retiformis,massive,-4.290230694,0
Goniastrea retiformis,massive,-5.023477603,0
